Name,Phone Number,Property Address,Case
Avery Bennett,+12025550100,"101 Example Way, Chicago, IL 60601",Initial Outreach Sent
Jordan Carter,+12025550101,"202 Sample Street, Aurora, IL 60502",No Reply After Initial Outreach
Taylor Dawson,+12025550102,"303 Fictional Avenue, Naperville, IL 60540",No Reply After Follow-Up One
Morgan Ellis,+12025550103,"404 Test Drive, Evanston, IL 60201",No Reply After Follow-Up Two
Casey Foster,+12025550104,"505 Demo Lane, Schaumburg, IL 60173",No Reply After Final Follow-Up
Riley Grant,+12025550105,"606 Placeholder Road, Oak Brook, IL 60523",Ready to Sell Immediately
Cameron Hayes,+12025550106,"707 Mockingbird Court, Joliet, IL 60431",Urgent Need to Sell
Quinn Irwin,+12025550107,"808 Prototype Place, Elgin, IL 60120",Planning to Sell Within 30 Days
Parker Jensen,+12025550108,"909 Sandbox Boulevard, Rockford, IL 61101",Planning to Sell Within 30–90 Days
Reese Keaton,+12025550109,"110 Trial Terrace, Peoria, IL 61602",Planning to Sell Later
Rowan Lawson,+12025550110,"121 Example Way, Springfield, IL 62701",Thinking About Selling
Hayden Monroe,+12025550111,"232 Sample Street, Madison, WI 53703",Interested but Uncertain
Emerson Nolan,+12025550112,"343 Fictional Avenue, Milwaukee, WI 53202",Will Sell for the Right Price
Finley Owens,+12025550113,"454 Test Drive, Indianapolis, IN 46204",Wants an Immediate Buyer
Dakota Prescott,+12025550114,"565 Demo Lane, Fort Wayne, IN 46802",Interested in an Off-Market Sale
Skyler Reed,+12025550115,"676 Placeholder Road, Detroit, MI 48226",Directly Not Interested
Logan Sutton,+12025550116,"787 Mockingbird Court, Grand Rapids, MI 49503",Maybe Interested Later
Harper Turner,+12025550117,"898 Prototype Place, Columbus, OH 43215",Property Already Sold
Blake Underwood,+12025550118,"919 Sandbox Boulevard, Cleveland, OH 44114",Property Currently Listed
Drew Vaughn,+12025550119,"120 Trial Terrace, Cincinnati, OH 45202",Recipient Does Not Own the Property
Jamie Walker,+12025550120,"131 Example Way, Nashville, TN 37201",Wrong Number
Kendall Young,+12025550121,"242 Sample Street, Memphis, TN 38103",Stop or Unsubscribe Request
Reagan Abbott,+12025550122,"353 Fictional Avenue, Atlanta, GA 30303",Do Not Call Request
Sawyer Brooks,+12025550123,"464 Test Drive, Savannah, GA 31401",Consent or Permission Concern
Payton Coleman,+12025550124,"575 Demo Lane, Charlotte, NC 28202",Asks How Their Number Was Obtained
Alexis Dalton,+12025550125,"686 Placeholder Road, Raleigh, NC 27601",Complaint or Legal Threat
Charlie Everett,+12025550126,"797 Mockingbird Court, Richmond, VA 23219",Asks Who Bobbie Is
Elliot Fields,+12025550127,"818 Prototype Place, Arlington, VA 22201",Asks Which Company Bobbie Represents
Frankie Gibson,+12025550128,"929 Sandbox Boulevard, Baltimore, MD 21201",Asks Whether Bobbie Is an Agent or Investor
Grey Holland,+12025550129,"130 Trial Terrace, Philadelphia, PA 19103",Asks Whether Bobbie Has a Ready Buyer
Jesse Ingram,+12025550130,"141 Example Way, Pittsburgh, PA 15222",Asks Why They Were Contacted
Kai Jordan,+12025550131,"252 Sample Street, Newark, NJ 07102","Requests Website, License, or Credentials"
Lane Keller,+12025550132,"363 Fictional Avenue, Albany, NY 12207",Asks for Property Valuation
Marley Langley,+12025550133,"474 Test Drive, Buffalo, NY 14202",Asks About Commission
Noel Mercer,+12025550134,"585 Demo Lane, Boston, MA 02108",Asks How the Selling Process Works
Oakley North,+12025550135,"696 Placeholder Road, Hartford, CT 06103",Asks How Quickly the Property Can Sell
Phoenix Ortega,+12025550136,"707 Example Court, Providence, RI 02903",Asks Whether Repairs Are Needed
Robin Perry,+12025550137,"828 Prototype Place, Portland, ME 04101",Asks About Cash Offers
Sage Quincy,+12025550138,"939 Sandbox Boulevard, Denver, CO 80202",Asks About Marketing Strategy
Shawn Rhodes,+12025550139,"140 Trial Terrace, Phoenix, AZ 85004",Asks Why the Previous Listing Did Not Sell
Toby Shepherd,+12025550140,"151 Example Way, Las Vegas, NV 89101",Agrees to a Phone Call
Val Truman,+12025550141,"262 Sample Street, Salt Lake City, UT 84101",Requests Available Appointment Times
Winter Ulrich,+12025550142,"373 Fictional Avenue, Boise, ID 83702",Selects an Appointment Time
Zion Vincent,+12025550143,"484 Test Drive, Portland, OR 97205",Appointment Successfully Booked
Bailey West,+12025550144,"595 Demo Lane, Seattle, WA 98101",Requests a Different Time
Devon York,+12025550145,"606 Sample Road, Sacramento, CA 95814",Cancels or Reschedules Appointment
Ellis Archer,+12025550146,"717 Mockingbird Court, San Diego, CA 92101",Misses the Scheduled Appointment
Indigo Bishop,+12025550147,"838 Prototype Place, Dallas, TX 75201",Gives an Unclear or Ambiguous Reply
Micah Chandler,+12025550148,"949 Sandbox Boulevard, Austin, TX 78701",Changes the Subject
Remy Donovan,+12025550149,"150 Trial Terrace, Houston, TX 77002",Sends Multiple Questions in One Message
Shiloh Easton,+12025550150,"161 Example Way, Miami, FL 33131",Becomes Angry or Hostile
Tatum Fairfax,+12025550151,"272 Sample Street, Orlando, FL 32801",Asks a Question the AI Cannot Answer
