Name,Phone Number,Property Address,Lead Source,Outreach Reason,Lead Details,Initial Message
Ana,13125550120,"950 Edgar Dr Apt 4, Charleston, IL, 61920",Expired listing,The property appears to have come off the market without a recorded sale.,"{""type"":""sfr"",""beds"":""3.0"",""baths"":""2.5"",""sq_ft"":""1380.0"",""yr_built"":""1986.0"",""owner_occ"":""No"",""listed_for_sale"":""Yes"",""listed_for_sale_by_owner"":""No"",""listing_price"":""99900.0"",""listing_dom"":""34.0""}","Hey Ana, I saw 950 Edgar Dr Apt 4, Charleston, IL, 61920 came off the market and wondered if it sold privately or may still be available? Bobbie Fisher – RE/MAX"
Michael,13125550121,"2800 Pine Ave, Mattoon, IL, 61938",Expired listing,The property appears to have come off the market without a recorded sale.,"{""type"":""sfr"",""beds"":""4.0"",""baths"":""2.0"",""sq_ft"":""1860.0"",""yr_built"":""1906.0"",""owner_occ"":""Yes"",""listed_for_sale"":""Yes"",""listed_for_sale_by_owner"":""No"",""listing_price"":""118999.0"",""listing_dom"":""53.0"",""purchase_date"":""2024-04-12 00:00:00"",""purchase_amt"":""100000.0""}","Hey Michael, I saw 2800 Pine Ave, Mattoon, IL, 61938 came off the market and wondered if it sold privately or may still be available? Bobbie Fisher – RE/MAX"
Ali,13125550122,"250 Otis Rd, Barrington Hills, IL, 60010",Expired listing,The property appears to have come off the market without a recorded sale.,"{""type"":""sfr"",""beds"":""6.0"",""baths"":""4.5"",""sq_ft"":""5901.0"",""yr_built"":""1969.0"",""owner_occ"":""Yes"",""listed_for_sale"":""Yes"",""listed_for_sale_by_owner"":""No"",""listing_price"":""1495000.0"",""listing_dom"":""105.0"",""purchase_date"":""1992-08-13 00:00:00"",""purchase_amt"":""485000.0""}","Hey Ali, I saw 250 Otis Rd, Barrington Hills, IL, 60010 came off the market and wondered if it sold privately or may still be available? Bobbie Fisher – RE/MAX"
Michele,13125550123,"273 Otis Rd, Barrington Hills, IL, 60010",Expired listing,The property appears to have come off the market without a recorded sale.,"{""type"":""sfr"",""beds"":""2.0"",""baths"":""2.5"",""sq_ft"":""1741.0"",""yr_built"":""1954.0"",""owner_occ"":""No"",""listed_for_sale"":""Yes"",""listed_for_sale_by_owner"":""No"",""listing_price"":""1395000.0"",""listing_dom"":""21.0"",""purchase_date"":""2022-06-17 00:00:00"",""purchase_amt"":""550000.0""}","Hey Michele, I saw 273 Otis Rd, Barrington Hills, IL, 60010 came off the market and wondered if it sold privately or may still be available? Bobbie Fisher – RE/MAX"
Vipani,13125550124,"1379 W Deer Ct, Palatine, IL, 60067",Expired listing,The property appears to have come off the market without a recorded sale.,"{""type"":""sfr"",""beds"":""4.0"",""baths"":""2.5"",""sq_ft"":""2560.0"",""yr_built"":""1999.0"",""owner_occ"":""Yes"",""listed_for_sale"":""Yes"",""listed_for_sale_by_owner"":""No"",""listing_price"":""695000.0"",""listing_dom"":""2.0"",""purchase_date"":""2005-08-24 00:00:00"",""purchase_amt"":""495000.0""}","Hey Vipani, I saw 1379 W Deer Ct, Palatine, IL, 60067 came off the market and wondered if it sold privately or may still be available? Bobbie Fisher – RE/MAX"
Pengfei,13125550125,"215 S Forest Ave, Palatine, IL, 60074",Expired listing,The property appears to have come off the market without a recorded sale.,"{""type"":""sfr"",""beds"":""3.0"",""baths"":""1.0"",""sq_ft"":""1499.0"",""yr_built"":""1947.0"",""owner_occ"":""Yes"",""listed_for_sale"":""Yes"",""listed_for_sale_by_owner"":""No"",""listing_price"":""440000.0"",""listing_dom"":""3.0"",""purchase_date"":""2024-01-17 00:00:00"",""purchase_amt"":""280000.0""}","Hey Pengfei, I saw 215 S Forest Ave, Palatine, IL, 60074 came off the market and wondered if it sold privately or may still be available? Bobbie Fisher – RE/MAX"
Paul,13125550126,"1810 E Euclid Ave, Arlington Heights, IL, 60004",Expired listing,The property appears to have come off the market without a recorded sale.,"{""type"":""sfr"",""beds"":""3.0"",""baths"":""1.5"",""sq_ft"":""1334.0"",""yr_built"":""1967.0"",""owner_occ"":""Yes"",""listed_for_sale"":""Yes"",""listed_for_sale_by_owner"":""No"",""listing_price"":""474500.0"",""listing_dom"":""12.0"",""purchase_date"":""2011-10-14 00:00:00"",""purchase_amt"":""250000.0""}","Hey Paul, I saw 1810 E Euclid Ave, Arlington Heights, IL, 60004 came off the market and wondered if it sold privately or may still be available? Bobbie Fisher – RE/MAX"
Rodolfo,13125550127,"411 N Arlington Heights Rd, Arlington Heights, IL, 60004",Expired listing,The property appears to have come off the market without a recorded sale.,"{""type"":""sfr"",""beds"":""3.0"",""baths"":""1.0"",""sq_ft"":""1101.0"",""yr_built"":""1922.0"",""owner_occ"":""Yes"",""listed_for_sale"":""Yes"",""listed_for_sale_by_owner"":""No"",""listing_price"":""315000.0"",""listing_dom"":""42.0"",""purchase_date"":""1978-07-19 00:00:00"",""purchase_amt"":""55000.0""}","Hey Rodolfo, I saw 411 N Arlington Heights Rd, Arlington Heights, IL, 60004 came off the market and wondered if it sold privately or may still be available? Bobbie Fisher – RE/MAX"
L,13125550128,"819 S Beverly Ln, Arlington Heights, IL, 60005",Expired listing,The property appears to have come off the market without a recorded sale.,"{""type"":""sfr"",""beds"":""4.0"",""baths"":""3.0"",""sq_ft"":""2998.0"",""yr_built"":""1949.0"",""owner_occ"":""Yes"",""listed_for_sale"":""Yes"",""listed_for_sale_by_owner"":""No"",""listing_price"":""1100000.0"",""listing_dom"":""32.0"",""purchase_date"":""1998-04-15 00:00:00""}","Hey L, I saw 819 S Beverly Ln, Arlington Heights, IL, 60005 came off the market and wondered if it sold privately or may still be available? Bobbie Fisher – RE/MAX"
Oksana,13125550129,"416 Glendale Rd, Glenview, IL, 60025",Expired listing,The property appears to have come off the market without a recorded sale.,"{""type"":""sfr"",""beds"":""4.0"",""baths"":""1.5"",""sq_ft"":""1176.0"",""yr_built"":""1962.0"",""owner_occ"":""Yes"",""listed_for_sale"":""Yes"",""listed_for_sale_by_owner"":""No"",""listing_price"":""389000.0"",""listing_dom"":""54.0"",""purchase_date"":""2022-10-07 00:00:00"",""purchase_amt"":""265000.0""}","Hey Oksana, I saw 416 Glendale Rd, Glenview, IL, 60025 came off the market and wondered if it sold privately or may still be available? Bobbie Fisher – RE/MAX"
Eldon,13125550140,"202 Plant St, Pocahontas, IL",Pre-foreclosure,The source data identifies the property as a pre-foreclosure lead.,"{""type"":""sfr"",""beds"":""3.0"",""baths"":""2.0"",""sq_ft"":""1448.0"",""owner_occ"":""Yes"",""listed_for_sale"":""No"",""listed_for_sale_by_owner"":""No""}","Hey Eldon, I’m reaching out because my property data flags 202 Plant St, Pocahontas, IL as pre-foreclosure. Would a quick call about your options help? Bobbie Fisher – RE/MAX"
Daniel,13125550141,"20152 Free Church Rd, Caledonia, IL",Pre-foreclosure,The source data identifies the property as a pre-foreclosure lead.,"{""type"":""lnd"",""beds"":""3.0"",""baths"":""1.0"",""sq_ft"":""2120.0"",""owner_occ"":""Yes"",""listed_for_sale"":""No"",""listed_for_sale_by_owner"":""No""}","Hey Daniel, I’m reaching out because my property data flags 20152 Free Church Rd, Caledonia, IL as pre-foreclosure. Would a quick call about your options help? Bobbie Fisher – RE/MAX"
Janmarie,13125550142,"113 Drew Ct Ne, Poplar Grove, IL",Pre-foreclosure,The source data identifies the property as a pre-foreclosure lead.,"{""type"":""sfr"",""beds"":""3.0"",""baths"":""1.0"",""sq_ft"":""1308.0"",""owner_occ"":""Yes"",""listed_for_sale"":""No"",""listed_for_sale_by_owner"":""No""}","Hey Janmarie, I’m reaching out because my property data flags 113 Drew Ct Ne, Poplar Grove, IL as pre-foreclosure. Would a quick call about your options help? Bobbie Fisher – RE/MAX"
Darrell,13125550143,"220 W Edson St, Poplar Grove, IL",Pre-foreclosure,The source data identifies the property as a pre-foreclosure lead.,"{""type"":""sfr"",""beds"":""3.0"",""baths"":""1.0"",""sq_ft"":""1421.0"",""owner_occ"":""Yes"",""listed_for_sale"":""No"",""listed_for_sale_by_owner"":""No""}","Hey Darrell, I’m reaching out because my property data flags 220 W Edson St, Poplar Grove, IL as pre-foreclosure. Would a quick call about your options help? Bobbie Fisher – RE/MAX"
Timothy,13125550144,"217 W Edson St, Poplar Grove, IL",Pre-foreclosure,The source data identifies the property as a pre-foreclosure lead.,"{""type"":""sfr"",""beds"":""3.0"",""baths"":""1.0"",""sq_ft"":""2267.0"",""owner_occ"":""Yes"",""listed_for_sale"":""No"",""listed_for_sale_by_owner"":""No""}","Hey Timothy, I’m reaching out because my property data flags 217 W Edson St, Poplar Grove, IL as pre-foreclosure. Would a quick call about your options help? Bobbie Fisher – RE/MAX"
Keith,13125550145,"203 Lamplighter Loop Se, Poplar Grove, IL",Pre-foreclosure,The source data identifies the property as a pre-foreclosure lead.,"{""type"":""sfr"",""beds"":""3.0"",""baths"":""1.0"",""sq_ft"":""2292.0"",""owner_occ"":""Yes"",""listed_for_sale"":""No"",""listed_for_sale_by_owner"":""No""}","Hey Keith, I’m reaching out because my property data flags 203 Lamplighter Loop Se, Poplar Grove, IL as pre-foreclosure. Would a quick call about your options help? Bobbie Fisher – RE/MAX"
Timothy,13125550146,"2309 Candlewick Dr Se, Poplar Grove, IL",Pre-foreclosure,The source data identifies the property as a pre-foreclosure lead.,"{""type"":""sfr"",""beds"":""3.0"",""baths"":""1.0"",""sq_ft"":""1836.0"",""owner_occ"":""No"",""listed_for_sale"":""No"",""listed_for_sale_by_owner"":""No""}","Hey Timothy, I’m reaching out because my property data flags 2309 Candlewick Dr Se, Poplar Grove, IL as pre-foreclosure. Would a quick call about your options help? Bobbie Fisher – RE/MAX"
Gail,13125550147,"624 Candlewick Dr Ne, Poplar Grove, IL",Pre-foreclosure,The source data identifies the property as a pre-foreclosure lead.,"{""type"":""sfr"",""beds"":""4.0"",""baths"":""2.0"",""sq_ft"":""1716.0"",""owner_occ"":""Yes"",""listed_for_sale"":""No"",""listed_for_sale_by_owner"":""No""}","Hey Gail, I’m reaching out because my property data flags 624 Candlewick Dr Ne, Poplar Grove, IL as pre-foreclosure. Would a quick call about your options help? Bobbie Fisher – RE/MAX"
Zarrick,13125550148,"216 Hastings Way Sw, Poplar Grove, IL",Pre-foreclosure,The source data identifies the property as a pre-foreclosure lead.,"{""type"":""sfr"",""beds"":""3.0"",""baths"":""2.0"",""sq_ft"":""3572.0"",""owner_occ"":""Yes"",""listed_for_sale"":""No"",""listed_for_sale_by_owner"":""No""}","Hey Zarrick, I’m reaching out because my property data flags 216 Hastings Way Sw, Poplar Grove, IL as pre-foreclosure. Would a quick call about your options help? Bobbie Fisher – RE/MAX"
Terry,13125550149,"109 Wenatchee Way Sw, Poplar Grove, IL",Pre-foreclosure,The source data identifies the property as a pre-foreclosure lead.,"{""type"":""sfr"",""beds"":""3.0"",""baths"":""1.0"",""sq_ft"":""1176.0"",""owner_occ"":""Yes"",""listed_for_sale"":""No"",""listed_for_sale_by_owner"":""No""}","Hey Terry, I’m reaching out because my property data flags 109 Wenatchee Way Sw, Poplar Grove, IL as pre-foreclosure. Would a quick call about your options help? Bobbie Fisher – RE/MAX"
