Name,Phone Number,Property Address,Lead Source,Outreach Reason,Lead Details,Initial Message
Gerald,+13125550100,"422 E Russell St, Barrington, IL, 60010",Property owner outreach,The source data identifies this owner as a cash-buyer/property lead.,"{""type"":""sfr"",""beds"":""4.0"",""baths"":""3.0"",""sq_ft"":""1930.0"",""yr_built"":""1973.0"",""owner_occ"":""Yes"",""listed_for_sale"":""Yes"",""listed_for_sale_by_owner"":""No"",""listing_price"":""895000.0"",""listing_dom"":""29.0"",""purchase_date"":""1986-02-01 00:00:00"",""purchase_amt"":""208000.0""}","Hey Gerald, I’m reaching out because my property data identifies 422 E Russell St, Barrington, IL, 60010 as a cash-buyer lead. Are you considering another sale? Bobbie Fisher – RE/MAX"
Paulcandise,+13125550101,"145 Walton St, Barrington, IL, 60010",Property owner outreach,The source data identifies this owner as a cash-buyer/property lead.,"{""type"":""sfr"",""beds"":""3.0"",""baths"":""2.0"",""sq_ft"":""1395.0"",""yr_built"":""1967.0"",""owner_occ"":""Yes"",""listed_for_sale"":""Yes"",""listed_for_sale_by_owner"":""No"",""listing_price"":""639700.0"",""listing_dom"":""33.0"",""purchase_date"":""2025-11-17 00:00:00"",""purchase_amt"":""400000.0""}","Hey Paulcandise, I’m reaching out because my property data identifies 145 Walton St, Barrington, IL, 60010 as a cash-buyer lead. Are you considering another sale? Bobbie Fisher – RE/MAX"
Rcaf,+13125550102,"123 Kainer Ave, Barrington, IL, 60010",Property owner outreach,The source data identifies this owner as a cash-buyer/property lead.,"{""type"":""sfr"",""beds"":""4.0"",""baths"":""2.5"",""sq_ft"":""2038.0"",""yr_built"":""1976.0"",""owner_occ"":""Yes"",""listed_for_sale"":""Yes"",""listed_for_sale_by_owner"":""No"",""listing_price"":""660000.0"",""listing_dom"":""19.0"",""purchase_date"":""2000-04-28 00:00:00"",""purchase_amt"":""268000.0""}","Hey Rcaf, I’m reaching out because my property data identifies 123 Kainer Ave, Barrington, IL, 60010 as a cash-buyer lead. Are you considering another sale? Bobbie Fisher – RE/MAX"
Homes,+13125550103,"217 E Hillside Ave, Barrington, IL, 60010",Property owner outreach,The source data identifies this owner as a cash-buyer/property lead.,"{""type"":""sfr"",""beds"":""3.0"",""baths"":""1.5"",""sq_ft"":""1400.0"",""yr_built"":""1941.0"",""owner_occ"":""Yes"",""listed_for_sale"":""Yes"",""listed_for_sale_by_owner"":""No"",""listing_price"":""1979000.0"",""listing_dom"":""99.0"",""purchase_date"":""2026-01-28 00:00:00"",""purchase_amt"":""390000.0""}","Hey Homes, I’m reaching out because my property data identifies 217 E Hillside Ave, Barrington, IL, 60010 as a cash-buyer lead. Are you considering another sale? Bobbie Fisher – RE/MAX"
Garrett,+13125550104,"344 Wisconsin Ave, Barrington, IL, 60010",Property owner outreach,The source data identifies this owner as a cash-buyer/property lead.,"{""type"":""sfr"",""beds"":""4.0"",""baths"":""2.5"",""sq_ft"":""1740.0"",""yr_built"":""1967.0"",""owner_occ"":""Yes"",""listed_for_sale"":""Yes"",""listed_for_sale_by_owner"":""No"",""listing_price"":""640000.0"",""listing_dom"":""33.0"",""purchase_date"":""1986-02-01 00:00:00"",""purchase_amt"":""140000.0""}","Hey Garrett, I’m reaching out because my property data identifies 344 Wisconsin Ave, Barrington, IL, 60010 as a cash-buyer lead. Are you considering another sale? Bobbie Fisher – RE/MAX"
Mendoza,+13125550105,"735 Prairie Ave, Barrington, IL, 60010",Property owner outreach,The source data identifies this owner as a cash-buyer/property lead.,"{""type"":""sfr"",""beds"":""2.0"",""baths"":""1.0"",""sq_ft"":""1127.0"",""yr_built"":""1950.0"",""owner_occ"":""Yes"",""listed_for_sale"":""Yes"",""listed_for_sale_by_owner"":""No"",""listing_price"":""390000.0"",""listing_dom"":""32.0"",""purchase_date"":""1990-01-01 00:00:00"",""purchase_amt"":""133000.0""}","Hey Mendoza, I’m reaching out because my property data identifies 735 Prairie Ave, Barrington, IL, 60010 as a cash-buyer lead. Are you considering another sale? Bobbie Fisher – RE/MAX"
Donald,+13125550106,"720 South St, Barrington, IL, 60010",Property owner outreach,The source data identifies this owner as a cash-buyer/property lead.,"{""type"":""sfr"",""beds"":""4.0"",""baths"":""2.0"",""sq_ft"":""2106.0"",""yr_built"":""1967.0"",""owner_occ"":""Yes"",""listed_for_sale"":""Yes"",""listed_for_sale_by_owner"":""No"",""listing_price"":""1150000.0"",""listing_dom"":""49.0"",""purchase_date"":""1998-11-17 00:00:00"",""purchase_amt"":""478000.0""}","Hey Donald, I’m reaching out because my property data identifies 720 South St, Barrington, IL, 60010 as a cash-buyer lead. Are you considering another sale? Bobbie Fisher – RE/MAX"
Adam,+13125550107,"367 Overlook Rd, Barrington Hills, IL, 60010",Property owner outreach,The source data identifies this owner as a cash-buyer/property lead.,"{""type"":""sfr"",""beds"":""6.0"",""baths"":""3.5"",""sq_ft"":""4852.0"",""yr_built"":""1975.0"",""owner_occ"":""Yes"",""listed_for_sale"":""Yes"",""listed_for_sale_by_owner"":""No"",""listing_price"":""2100000.0"",""listing_dom"":""61.0"",""purchase_date"":""2022-08-15 00:00:00"",""purchase_amt"":""535000.0""}","Hey Adam, I’m reaching out because my property data identifies 367 Overlook Rd, Barrington Hills, IL, 60010 as a cash-buyer lead. Are you considering another sale? Bobbie Fisher – RE/MAX"
Growney,+13125550108,"109 Remington Dr, Barrington Hills, IL, 60010",Property owner outreach,The source data identifies this owner as a cash-buyer/property lead.,"{""type"":""sfr"",""beds"":""5.0"",""baths"":""6.0"",""sq_ft"":""7337.0"",""yr_built"":""2006.0"",""owner_occ"":""Yes"",""listed_for_sale"":""Yes"",""listed_for_sale_by_owner"":""No"",""listing_price"":""2650000.0"",""listing_dom"":""409.0"",""purchase_date"":""2018-08-02 00:00:00"",""purchase_amt"":""1875000.0""}","Hey Growney, I’m reaching out because my property data identifies 109 Remington Dr, Barrington Hills, IL, 60010 as a cash-buyer lead. Are you considering another sale? Bobbie Fisher – RE/MAX"
Forsythe,+13125550109,"344 Old Sutton Rd, Barrington Hills, IL, 60010",Property owner outreach,The source data identifies this owner as a cash-buyer/property lead.,"{""type"":""sfr"",""beds"":""7.0"",""baths"":""10.0"",""sq_ft"":""14028.0"",""yr_built"":""2004.0"",""owner_occ"":""No"",""listed_for_sale"":""Yes"",""listed_for_sale_by_owner"":""No"",""listing_price"":""6500000.0"",""listing_dom"":""251.0"",""purchase_date"":""2015-01-28 00:00:00"",""purchase_amt"":""6600000.0""}","Hey Forsythe, I’m reaching out because my property data identifies 344 Old Sutton Rd, Barrington Hills, IL, 60010 as a cash-buyer lead. Are you considering another sale? Bobbie Fisher – RE/MAX"
Adam,+13125550110,"4312 Ivy Ln, Glenview, IL, 60026",Property ownership change,The source data identifies the owner as a divorce-related property lead.,"{""type"":""sfr"",""beds"":""4.0"",""baths"":""2.5"",""sq_ft"":""2878.0"",""yr_built"":""1987.0"",""owner_occ"":""Yes"",""listed_for_sale"":""Yes"",""listed_for_sale_by_owner"":""No"",""listing_price"":""949000.0"",""listing_dom"":""9.0"",""purchase_date"":""2023-06-13 00:00:00"",""purchase_amt"":""675000.0""}","Hey Adam, I’m reaching out because my property data lists 4312 Ivy Ln, Glenview, IL, 60026 as a divorce-related lead. Would a private call about selling options help? Bobbie Fisher – RE/MAX"
Ruben,+13125550111,"407 N Braintree Dr, Schaumburg, IL, 60194",Property ownership change,The source data identifies the owner as a divorce-related property lead.,"{""type"":""sfr"",""beds"":""3.0"",""baths"":""2.5"",""sq_ft"":""1650.0"",""yr_built"":""1971.0"",""owner_occ"":""Yes"",""listed_for_sale"":""Yes"",""listed_for_sale_by_owner"":""No"",""listing_price"":""640000.0"",""listing_dom"":""12.0"",""purchase_date"":""2021-06-21 00:00:00"",""purchase_amt"":""355000.0""}","Hey Ruben, I’m reaching out because my property data lists 407 N Braintree Dr, Schaumburg, IL, 60194 as a divorce-related lead. Would a private call about selling options help? Bobbie Fisher – RE/MAX"
Liliana,+13125550112,"1116 Park Ridge Blvd, Park Ridge, IL, 60068",Property ownership change,The source data identifies the owner as a divorce-related property lead.,"{""type"":""mfr"",""beds"":""6.0"",""baths"":""2.0"",""sq_ft"":""2211.0"",""yr_built"":""1958.0"",""owner_occ"":""No"",""listed_for_sale"":""Yes"",""listed_for_sale_by_owner"":""No"",""listing_price"":""565000.0"",""listing_dom"":""5.0"",""purchase_date"":""2022-05-09 00:00:00"",""purchase_amt"":""470000.0""}","Hey Liliana, I’m reaching out because my property data lists 1116 Park Ridge Blvd, Park Ridge, IL, 60068 as a divorce-related lead. Would a private call about selling options help? Bobbie Fisher – RE/MAX"
Adam,+13125550113,"8922 Ewing Ave, Evanston, IL, 60203",Property ownership change,The source data identifies the owner as a divorce-related property lead.,"{""type"":""sfr"",""beds"":""4.0"",""baths"":""2.0"",""sq_ft"":""1402.0"",""yr_built"":""1954.0"",""owner_occ"":""Yes"",""listed_for_sale"":""Yes"",""listed_for_sale_by_owner"":""No"",""listing_price"":""493000.0"",""listing_dom"":""83.0"",""purchase_date"":""2020-12-15 00:00:00"",""purchase_amt"":""415000.0""}","Hey Adam, I’m reaching out because my property data lists 8922 Ewing Ave, Evanston, IL, 60203 as a divorce-related lead. Would a private call about selling options help? Bobbie Fisher – RE/MAX"
Ruben,+13125550114,"3422 Elder Ln, Franklin Park, IL, 60131",Property ownership change,The source data identifies the owner as a divorce-related property lead.,"{""type"":""sfr"",""beds"":""3.0"",""baths"":""2.0"",""sq_ft"":""1557.0"",""yr_built"":""1949.0"",""owner_occ"":""Yes"",""listed_for_sale"":""Yes"",""listed_for_sale_by_owner"":""No"",""listing_price"":""430000.0"",""listing_dom"":""96.0"",""purchase_date"":""2009-09-16 00:00:00"",""purchase_amt"":""170000.0""}","Hey Ruben, I’m reaching out because my property data lists 3422 Elder Ln, Franklin Park, IL, 60131 as a divorce-related lead. Would a private call about selling options help? Bobbie Fisher – RE/MAX"
Jesse,+13125550115,"5414 N Menard Ave # 1, Chicago, IL, 60630",Property ownership change,The source data identifies the owner as a divorce-related property lead.,"{""type"":""sfr"",""beds"":""3.0"",""baths"":""1.0"",""sq_ft"":""1613.0"",""yr_built"":""1922.0"",""owner_occ"":""Yes"",""listed_for_sale"":""Yes"",""listed_for_sale_by_owner"":""No"",""listing_price"":""455995.0"",""listing_dom"":""12.0"",""purchase_date"":""2020-04-13 00:00:00"",""purchase_amt"":""331000.0""}","Hey Jesse, I’m reaching out because my property data lists 5414 N Menard Ave # 1, Chicago, IL, 60630 as a divorce-related lead. Would a private call about selling options help? Bobbie Fisher – RE/MAX"
Matthew,+13125550116,"1310 W Roscoe St, Chicago, IL, 60657",Property ownership change,The source data identifies the owner as a divorce-related property lead.,"{""type"":""sfr"",""beds"":""5.0"",""baths"":""4.5"",""sq_ft"":""2628.0"",""yr_built"":""2000.0"",""owner_occ"":""Yes"",""listed_for_sale"":""Yes"",""listed_for_sale_by_owner"":""No"",""listing_price"":""1999000.0"",""listing_dom"":""41.0"",""purchase_date"":""2021-11-17 00:00:00"",""purchase_amt"":""834000.0""}","Hey Matthew, I’m reaching out because my property data lists 1310 W Roscoe St, Chicago, IL, 60657 as a divorce-related lead. Would a private call about selling options help? Bobbie Fisher – RE/MAX"
Davis,+13125550117,"227 S Euclid Ave, Oak Park, IL, 60302",Property ownership change,The source data identifies the owner as a divorce-related property lead.,"{""type"":""sfr"",""beds"":""5.0"",""baths"":""3.5"",""sq_ft"":""2715.0"",""yr_built"":""1895.0"",""owner_occ"":""Yes"",""listed_for_sale"":""Yes"",""listed_for_sale_by_owner"":""No"",""listing_price"":""975000.0"",""listing_dom"":""7.0"",""purchase_date"":""1997-06-11 00:00:00"",""purchase_amt"":""284500.0""}","Hey Davis, I’m reaching out because my property data lists 227 S Euclid Ave, Oak Park, IL, 60302 as a divorce-related lead. Would a private call about selling options help? Bobbie Fisher – RE/MAX"
Thomas,+13125550118,"120 S Harvey Ave, Oak Park, IL, 60302",Property ownership change,The source data identifies the owner as a divorce-related property lead.,"{""type"":""sfr"",""beds"":""4.0"",""baths"":""1.0"",""sq_ft"":""2109.0"",""yr_built"":""1908.0"",""owner_occ"":""Yes"",""listed_for_sale"":""Yes"",""listed_for_sale_by_owner"":""No"",""listing_price"":""650000.0"",""listing_dom"":""4.0"",""purchase_date"":""1999-08-17 00:00:00"",""purchase_amt"":""328500.0""}","Hey Thomas, I’m reaching out because my property data lists 120 S Harvey Ave, Oak Park, IL, 60302 as a divorce-related lead. Would a private call about selling options help? Bobbie Fisher – RE/MAX"
M,+13125550119,"824 S Taylor Ave, Oak Park, IL, 60304",Property ownership change,The source data identifies the owner as a divorce-related property lead.,"{""type"":""sfr"",""beds"":""3.0"",""baths"":""1.0"",""sq_ft"":""1865.0"",""yr_built"":""1910.0"",""owner_occ"":""Yes"",""listed_for_sale"":""Yes"",""listed_for_sale_by_owner"":""No"",""listing_price"":""499000.0"",""listing_dom"":""7.0"",""purchase_date"":""2006-06-29 00:00:00"",""purchase_amt"":""378500.0""}","Hey M, I’m reaching out because my property data lists 824 S Taylor Ave, Oak Park, IL, 60304 as a divorce-related lead. Would a private call about selling options help? Bobbie Fisher – RE/MAX"
Ana,+13125550120,"950 Edgar Dr Apt 4, Charleston, IL, 61920",Expired listing,The property appears to have come off the market without a recorded sale.,"{""type"":""sfr"",""beds"":""3.0"",""baths"":""2.5"",""sq_ft"":""1380.0"",""yr_built"":""1986.0"",""owner_occ"":""No"",""listed_for_sale"":""Yes"",""listed_for_sale_by_owner"":""No"",""listing_price"":""99900.0"",""listing_dom"":""34.0""}","Hey Ana, I saw 950 Edgar Dr Apt 4, Charleston, IL, 61920 came off the market and wondered if it sold privately or may still be available? Bobbie Fisher – RE/MAX"
Michael,+13125550121,"2800 Pine Ave, Mattoon, IL, 61938",Expired listing,The property appears to have come off the market without a recorded sale.,"{""type"":""sfr"",""beds"":""4.0"",""baths"":""2.0"",""sq_ft"":""1860.0"",""yr_built"":""1906.0"",""owner_occ"":""Yes"",""listed_for_sale"":""Yes"",""listed_for_sale_by_owner"":""No"",""listing_price"":""118999.0"",""listing_dom"":""53.0"",""purchase_date"":""2024-04-12 00:00:00"",""purchase_amt"":""100000.0""}","Hey Michael, I saw 2800 Pine Ave, Mattoon, IL, 61938 came off the market and wondered if it sold privately or may still be available? Bobbie Fisher – RE/MAX"
Ali,+13125550122,"250 Otis Rd, Barrington Hills, IL, 60010",Expired listing,The property appears to have come off the market without a recorded sale.,"{""type"":""sfr"",""beds"":""6.0"",""baths"":""4.5"",""sq_ft"":""5901.0"",""yr_built"":""1969.0"",""owner_occ"":""Yes"",""listed_for_sale"":""Yes"",""listed_for_sale_by_owner"":""No"",""listing_price"":""1495000.0"",""listing_dom"":""105.0"",""purchase_date"":""1992-08-13 00:00:00"",""purchase_amt"":""485000.0""}","Hey Ali, I saw 250 Otis Rd, Barrington Hills, IL, 60010 came off the market and wondered if it sold privately or may still be available? Bobbie Fisher – RE/MAX"
Michele,+13125550123,"273 Otis Rd, Barrington Hills, IL, 60010",Expired listing,The property appears to have come off the market without a recorded sale.,"{""type"":""sfr"",""beds"":""2.0"",""baths"":""2.5"",""sq_ft"":""1741.0"",""yr_built"":""1954.0"",""owner_occ"":""No"",""listed_for_sale"":""Yes"",""listed_for_sale_by_owner"":""No"",""listing_price"":""1395000.0"",""listing_dom"":""21.0"",""purchase_date"":""2022-06-17 00:00:00"",""purchase_amt"":""550000.0""}","Hey Michele, I saw 273 Otis Rd, Barrington Hills, IL, 60010 came off the market and wondered if it sold privately or may still be available? Bobbie Fisher – RE/MAX"
Vipani,+13125550124,"1379 W Deer Ct, Palatine, IL, 60067",Expired listing,The property appears to have come off the market without a recorded sale.,"{""type"":""sfr"",""beds"":""4.0"",""baths"":""2.5"",""sq_ft"":""2560.0"",""yr_built"":""1999.0"",""owner_occ"":""Yes"",""listed_for_sale"":""Yes"",""listed_for_sale_by_owner"":""No"",""listing_price"":""695000.0"",""listing_dom"":""2.0"",""purchase_date"":""2005-08-24 00:00:00"",""purchase_amt"":""495000.0""}","Hey Vipani, I saw 1379 W Deer Ct, Palatine, IL, 60067 came off the market and wondered if it sold privately or may still be available? Bobbie Fisher – RE/MAX"
Pengfei,+13125550125,"215 S Forest Ave, Palatine, IL, 60074",Expired listing,The property appears to have come off the market without a recorded sale.,"{""type"":""sfr"",""beds"":""3.0"",""baths"":""1.0"",""sq_ft"":""1499.0"",""yr_built"":""1947.0"",""owner_occ"":""Yes"",""listed_for_sale"":""Yes"",""listed_for_sale_by_owner"":""No"",""listing_price"":""440000.0"",""listing_dom"":""3.0"",""purchase_date"":""2024-01-17 00:00:00"",""purchase_amt"":""280000.0""}","Hey Pengfei, I saw 215 S Forest Ave, Palatine, IL, 60074 came off the market and wondered if it sold privately or may still be available? Bobbie Fisher – RE/MAX"
Paul,+13125550126,"1810 E Euclid Ave, Arlington Heights, IL, 60004",Expired listing,The property appears to have come off the market without a recorded sale.,"{""type"":""sfr"",""beds"":""3.0"",""baths"":""1.5"",""sq_ft"":""1334.0"",""yr_built"":""1967.0"",""owner_occ"":""Yes"",""listed_for_sale"":""Yes"",""listed_for_sale_by_owner"":""No"",""listing_price"":""474500.0"",""listing_dom"":""12.0"",""purchase_date"":""2011-10-14 00:00:00"",""purchase_amt"":""250000.0""}","Hey Paul, I saw 1810 E Euclid Ave, Arlington Heights, IL, 60004 came off the market and wondered if it sold privately or may still be available? Bobbie Fisher – RE/MAX"
Rodolfo,+13125550127,"411 N Arlington Heights Rd, Arlington Heights, IL, 60004",Expired listing,The property appears to have come off the market without a recorded sale.,"{""type"":""sfr"",""beds"":""3.0"",""baths"":""1.0"",""sq_ft"":""1101.0"",""yr_built"":""1922.0"",""owner_occ"":""Yes"",""listed_for_sale"":""Yes"",""listed_for_sale_by_owner"":""No"",""listing_price"":""315000.0"",""listing_dom"":""42.0"",""purchase_date"":""1978-07-19 00:00:00"",""purchase_amt"":""55000.0""}","Hey Rodolfo, I saw 411 N Arlington Heights Rd, Arlington Heights, IL, 60004 came off the market and wondered if it sold privately or may still be available? Bobbie Fisher – RE/MAX"
L,+13125550128,"819 S Beverly Ln, Arlington Heights, IL, 60005",Expired listing,The property appears to have come off the market without a recorded sale.,"{""type"":""sfr"",""beds"":""4.0"",""baths"":""3.0"",""sq_ft"":""2998.0"",""yr_built"":""1949.0"",""owner_occ"":""Yes"",""listed_for_sale"":""Yes"",""listed_for_sale_by_owner"":""No"",""listing_price"":""1100000.0"",""listing_dom"":""32.0"",""purchase_date"":""1998-04-15 00:00:00""}","Hey L, I saw 819 S Beverly Ln, Arlington Heights, IL, 60005 came off the market and wondered if it sold privately or may still be available? Bobbie Fisher – RE/MAX"
Oksana,+13125550129,"416 Glendale Rd, Glenview, IL, 60025",Expired listing,The property appears to have come off the market without a recorded sale.,"{""type"":""sfr"",""beds"":""4.0"",""baths"":""1.5"",""sq_ft"":""1176.0"",""yr_built"":""1962.0"",""owner_occ"":""Yes"",""listed_for_sale"":""Yes"",""listed_for_sale_by_owner"":""No"",""listing_price"":""389000.0"",""listing_dom"":""54.0"",""purchase_date"":""2022-10-07 00:00:00"",""purchase_amt"":""265000.0""}","Hey Oksana, I saw 416 Glendale Rd, Glenview, IL, 60025 came off the market and wondered if it sold privately or may still be available? Bobbie Fisher – RE/MAX"
Lee,+13125550130,"12 Del Mar Ct, Taylorville, IL, 62568",For sale by owner,The property appears to have been offered for sale by its owner.,"{""type"":""sfr"",""beds"":""3.0"",""baths"":""4.0"",""sq_ft"":""1214.0"",""yr_built"":""1970.0"",""owner_occ"":""Yes"",""listed_for_sale"":""Yes"",""listed_for_sale_by_owner"":""Yes"",""listing_price"":""349900.0"",""listing_dom"":""70.0"",""purchase_date"":""2020-07-28 00:00:00"",""purchase_amt"":""241000.0""}","Hey Lee, I saw 12 Del Mar Ct, Taylorville, IL, 62568 may be for sale by owner. Are you still considering a sale? Bobbie Fisher – RE/MAX"
Barbara,+13125550131,"425 Crestmore Ave, Mattoon, IL, 61938",For sale by owner,The property appears to have been offered for sale by its owner.,"{""type"":""sfr"",""beds"":""3.0"",""baths"":""2.5"",""sq_ft"":""2268.0"",""yr_built"":""1965.0"",""owner_occ"":""Yes"",""listed_for_sale"":""Yes"",""listed_for_sale_by_owner"":""Yes"",""listing_price"":""247000.0"",""listing_dom"":""52.0"",""purchase_date"":""2010-10-28 00:00:00"",""purchase_amt"":""120000.0""}","Hey Barbara, I saw 425 Crestmore Ave, Mattoon, IL, 61938 may be for sale by owner. Are you still considering a sale? Bobbie Fisher – RE/MAX"
John,+13125550132,"511 Broadway Ave Apt 101, Mattoon, IL, 61938",For sale by owner,The property appears to have been offered for sale by its owner.,"{""type"":""cnd"",""beds"":""3.0"",""baths"":""1.0"",""sq_ft"":""720.0"",""yr_built"":""1973.0"",""owner_occ"":""Yes"",""listed_for_sale"":""Yes"",""listed_for_sale_by_owner"":""Yes"",""listing_price"":""99999.0"",""listing_dom"":""63.0"",""purchase_date"":""2025-10-30 00:00:00"",""purchase_amt"":""76000.0""}","Hey John, I saw 511 Broadway Ave Apt 101, Mattoon, IL, 61938 may be for sale by owner. Are you still considering a sale? Bobbie Fisher – RE/MAX"
Michael,+13125550133,"1010 W Elm St, Palatine, IL, 60067",For sale by owner,The property appears to have been offered for sale by its owner.,"{""type"":""sfr"",""beds"":""3.0"",""baths"":""1.0"",""sq_ft"":""1154.0"",""yr_built"":""1962.0"",""owner_occ"":""Yes"",""listed_for_sale"":""Yes"",""listed_for_sale_by_owner"":""Yes"",""listing_price"":""699000.0"",""listing_dom"":""60.0"",""purchase_date"":""2024-04-04 00:00:00"",""purchase_amt"":""300000.0""}","Hey Michael, I saw 1010 W Elm St, Palatine, IL, 60067 may be for sale by owner. Are you still considering a sale? Bobbie Fisher – RE/MAX"
Anna,+13125550134,"6325 N Whipple St, Chicago, IL, 60659",For sale by owner,The property appears to have been offered for sale by its owner.,"{""type"":""sfr"",""beds"":""3.0"",""baths"":""1.0"",""sq_ft"":""1496.0"",""yr_built"":""1953.0"",""owner_occ"":""No"",""listed_for_sale"":""Yes"",""listed_for_sale_by_owner"":""Yes"",""listing_price"":""490000.0"",""listing_dom"":""221.0"",""purchase_date"":""2004-08-20 00:00:00"",""purchase_amt"":""275000.0""}","Hey Anna, I saw 6325 N Whipple St, Chicago, IL, 60659 may be for sale by owner. Are you still considering a sale? Bobbie Fisher – RE/MAX"
Kelby,+13125550135,"1124 S Sacramento Blvd, Chicago, IL, 60612",For sale by owner,The property appears to have been offered for sale by its owner.,"{""type"":""mfr"",""beds"":""4.0"",""baths"":""2.0"",""sq_ft"":""2238.0"",""yr_built"":""1900.0"",""owner_occ"":""No"",""listed_for_sale"":""Yes"",""listed_for_sale_by_owner"":""Yes"",""listing_price"":""359900.0"",""listing_dom"":""42.0"",""purchase_date"":""2017-03-08 00:00:00"",""purchase_amt"":""156000.0""}","Hey Kelby, I saw 1124 S Sacramento Blvd, Chicago, IL, 60612 may be for sale by owner. Are you still considering a sale? Bobbie Fisher – RE/MAX"
Adrian,+13125550136,"7254 Fair Elms Ave, Burr Ridge, IL, 60527",For sale by owner,The property appears to have been offered for sale by its owner.,"{""type"":""sfr"",""beds"":""3.0"",""baths"":""1.5"",""sq_ft"":""921.0"",""yr_built"":""1953.0"",""owner_occ"":""Yes"",""listed_for_sale"":""Yes"",""listed_for_sale_by_owner"":""Yes"",""listing_price"":""374900.0"",""listing_dom"":""332.0"",""purchase_date"":""2019-07-05 00:00:00"",""purchase_amt"":""284500.0""}","Hey Adrian, I saw 7254 Fair Elms Ave, Burr Ridge, IL, 60527 may be for sale by owner. Are you still considering a sale? Bobbie Fisher – RE/MAX"
Ashley,+13125550137,"6542 S Champlain Ave, Chicago, IL, 60637",For sale by owner,The property appears to have been offered for sale by its owner.,"{""type"":""mfr"",""beds"":""4.0"",""baths"":""2.0"",""sq_ft"":""2184.0"",""yr_built"":""1913.0"",""owner_occ"":""Yes"",""listed_for_sale"":""Yes"",""listed_for_sale_by_owner"":""Yes"",""listing_price"":""590000.0"",""listing_dom"":""51.0"",""purchase_date"":""2021-04-08 00:00:00"",""purchase_amt"":""450000.0""}","Hey Ashley, I saw 6542 S Champlain Ave, Chicago, IL, 60637 may be for sale by owner. Are you still considering a sale? Bobbie Fisher – RE/MAX"
Louy,+13125550138,"5900 W 90Th St, Oak Lawn, IL, 60453",For sale by owner,The property appears to have been offered for sale by its owner.,"{""type"":""sfr"",""beds"":""4.0"",""baths"":""3.5"",""sq_ft"":""2751.0"",""yr_built"":""2006.0"",""owner_occ"":""No"",""listed_for_sale"":""Yes"",""listed_for_sale_by_owner"":""Yes"",""listing_price"":""545000.0"",""listing_dom"":""58.0"",""purchase_date"":""2023-09-14 00:00:00"",""purchase_amt"":""465000.0""}","Hey Louy, I saw 5900 W 90Th St, Oak Lawn, IL, 60453 may be for sale by owner. Are you still considering a sale? Bobbie Fisher – RE/MAX"
Jon,+13125550139,"10247 S Bell Ave, Chicago, IL, 60643",For sale by owner,The property appears to have been offered for sale by its owner.,"{""type"":""sfr"",""beds"":""4.0"",""baths"":""2.0"",""sq_ft"":""2416.0"",""yr_built"":""1925.0"",""owner_occ"":""Yes"",""listed_for_sale"":""Yes"",""listed_for_sale_by_owner"":""Yes"",""listing_price"":""375000.0"",""listing_dom"":""175.0"",""purchase_date"":""2013-07-23 00:00:00"",""purchase_amt"":""355000.0""}","Hey Jon, I saw 10247 S Bell Ave, Chicago, IL, 60643 may be for sale by owner. Are you still considering a sale? Bobbie Fisher – RE/MAX"
Eldon,+13125550140,"202 Plant St, Pocahontas, IL",Pre-foreclosure,The source data identifies the property as a pre-foreclosure lead.,"{""type"":""sfr"",""beds"":""3.0"",""baths"":""2.0"",""sq_ft"":""1448.0"",""owner_occ"":""Yes"",""listed_for_sale"":""No"",""listed_for_sale_by_owner"":""No""}","Hey Eldon, I’m reaching out because my property data flags 202 Plant St, Pocahontas, IL as pre-foreclosure. Would a quick call about your options help? Bobbie Fisher – RE/MAX"
Daniel,+13125550141,"20152 Free Church Rd, Caledonia, IL",Pre-foreclosure,The source data identifies the property as a pre-foreclosure lead.,"{""type"":""lnd"",""beds"":""3.0"",""baths"":""1.0"",""sq_ft"":""2120.0"",""owner_occ"":""Yes"",""listed_for_sale"":""No"",""listed_for_sale_by_owner"":""No""}","Hey Daniel, I’m reaching out because my property data flags 20152 Free Church Rd, Caledonia, IL as pre-foreclosure. Would a quick call about your options help? Bobbie Fisher – RE/MAX"
Janmarie,+13125550142,"113 Drew Ct Ne, Poplar Grove, IL",Pre-foreclosure,The source data identifies the property as a pre-foreclosure lead.,"{""type"":""sfr"",""beds"":""3.0"",""baths"":""1.0"",""sq_ft"":""1308.0"",""owner_occ"":""Yes"",""listed_for_sale"":""No"",""listed_for_sale_by_owner"":""No""}","Hey Janmarie, I’m reaching out because my property data flags 113 Drew Ct Ne, Poplar Grove, IL as pre-foreclosure. Would a quick call about your options help? Bobbie Fisher – RE/MAX"
Darrell,+13125550143,"220 W Edson St, Poplar Grove, IL",Pre-foreclosure,The source data identifies the property as a pre-foreclosure lead.,"{""type"":""sfr"",""beds"":""3.0"",""baths"":""1.0"",""sq_ft"":""1421.0"",""owner_occ"":""Yes"",""listed_for_sale"":""No"",""listed_for_sale_by_owner"":""No""}","Hey Darrell, I’m reaching out because my property data flags 220 W Edson St, Poplar Grove, IL as pre-foreclosure. Would a quick call about your options help? Bobbie Fisher – RE/MAX"
Timothy,+13125550144,"217 W Edson St, Poplar Grove, IL",Pre-foreclosure,The source data identifies the property as a pre-foreclosure lead.,"{""type"":""sfr"",""beds"":""3.0"",""baths"":""1.0"",""sq_ft"":""2267.0"",""owner_occ"":""Yes"",""listed_for_sale"":""No"",""listed_for_sale_by_owner"":""No""}","Hey Timothy, I’m reaching out because my property data flags 217 W Edson St, Poplar Grove, IL as pre-foreclosure. Would a quick call about your options help? Bobbie Fisher – RE/MAX"
Keith,+13125550145,"203 Lamplighter Loop Se, Poplar Grove, IL",Pre-foreclosure,The source data identifies the property as a pre-foreclosure lead.,"{""type"":""sfr"",""beds"":""3.0"",""baths"":""1.0"",""sq_ft"":""2292.0"",""owner_occ"":""Yes"",""listed_for_sale"":""No"",""listed_for_sale_by_owner"":""No""}","Hey Keith, I’m reaching out because my property data flags 203 Lamplighter Loop Se, Poplar Grove, IL as pre-foreclosure. Would a quick call about your options help? Bobbie Fisher – RE/MAX"
Timothy,+13125550146,"2309 Candlewick Dr Se, Poplar Grove, IL",Pre-foreclosure,The source data identifies the property as a pre-foreclosure lead.,"{""type"":""sfr"",""beds"":""3.0"",""baths"":""1.0"",""sq_ft"":""1836.0"",""owner_occ"":""No"",""listed_for_sale"":""No"",""listed_for_sale_by_owner"":""No""}","Hey Timothy, I’m reaching out because my property data flags 2309 Candlewick Dr Se, Poplar Grove, IL as pre-foreclosure. Would a quick call about your options help? Bobbie Fisher – RE/MAX"
Gail,+13125550147,"624 Candlewick Dr Ne, Poplar Grove, IL",Pre-foreclosure,The source data identifies the property as a pre-foreclosure lead.,"{""type"":""sfr"",""beds"":""4.0"",""baths"":""2.0"",""sq_ft"":""1716.0"",""owner_occ"":""Yes"",""listed_for_sale"":""No"",""listed_for_sale_by_owner"":""No""}","Hey Gail, I’m reaching out because my property data flags 624 Candlewick Dr Ne, Poplar Grove, IL as pre-foreclosure. Would a quick call about your options help? Bobbie Fisher – RE/MAX"
Zarrick,+13125550148,"216 Hastings Way Sw, Poplar Grove, IL",Pre-foreclosure,The source data identifies the property as a pre-foreclosure lead.,"{""type"":""sfr"",""beds"":""3.0"",""baths"":""2.0"",""sq_ft"":""3572.0"",""owner_occ"":""Yes"",""listed_for_sale"":""No"",""listed_for_sale_by_owner"":""No""}","Hey Zarrick, I’m reaching out because my property data flags 216 Hastings Way Sw, Poplar Grove, IL as pre-foreclosure. Would a quick call about your options help? Bobbie Fisher – RE/MAX"
Terry,+13125550149,"109 Wenatchee Way Sw, Poplar Grove, IL",Pre-foreclosure,The source data identifies the property as a pre-foreclosure lead.,"{""type"":""sfr"",""beds"":""3.0"",""baths"":""1.0"",""sq_ft"":""1176.0"",""owner_occ"":""Yes"",""listed_for_sale"":""No"",""listed_for_sale_by_owner"":""No""}","Hey Terry, I’m reaching out because my property data flags 109 Wenatchee Way Sw, Poplar Grove, IL as pre-foreclosure. Would a quick call about your options help? Bobbie Fisher – RE/MAX"
